{"cameraMode":{"drawMode":0,"name":"Shaded","section":"Shading Mode"},"sceneLighting":true,"audioPlay":false,"sceneViewState":{"showFog":true,"showMaterialUpdate":false,"showSkybox":true,"showFlares":true,"showImageEffects":true,"showParticleSystems":true},"in2DMode":false,"pivot":{"x":0.0,"y":-0.03999999538064003,"z":18.600000381469728},"rotation":{"x":0.41868820786476138,"y":-2.4319823932472674e-9,"z":2.170595614359172e-8,"w":0.9081305265426636},"size":2.00567889213562,"orthographic":false}