{"cameraMode":{"drawMode":0,"name":"Shaded","section":"Shading Mode"},"sceneLighting":false,"audioPlay":false,"sceneViewState":{"showFog":true,"showMaterialUpdate":false,"showSkybox":false,"showFlares":true,"showImageEffects":true,"showParticleSystems":true},"in2DMode":false,"pivot":{"x":1.0,"y":0.30000001192092898,"z":8.529999732971192},"rotation":{"x":0.45495060086250307,"y":-0.2912916839122772,"z":0.16042160987854005,"w":0.8260964155197144},"size":0.708872377872467,"orthographic":false}