{"cameraMode":{"drawMode":0,"name":"Shaded","section":"Shading Mode"},"sceneLighting":false,"audioPlay":false,"sceneViewState":{"showFog":true,"showMaterialUpdate":false,"showSkybox":false,"showFlares":true,"showImageEffects":true,"showParticleSystems":true},"in2DMode":false,"pivot":{"x":-0.00010478496551513672,"y":0.4062420725822449,"z":7.133119106292725},"rotation":{"x":0.001654913416132331,"y":0.9980303049087524,"z":0.029950035735964776,"w":-0.05515170469880104},"size":0.4388103783130646,"orthographic":true}