{"cameraMode":{"drawMode":0,"name":"Shaded","section":"Shading Mode"},"sceneLighting":true,"audioPlay":false,"sceneViewState":{"showFog":true,"showMaterialUpdate":false,"showSkybox":true,"showFlares":true,"showImageEffects":true,"showParticleSystems":true},"in2DMode":false,"pivot":{"x":-5.710337162017822,"y":-1.2253062725067139,"z":20.357135772705079},"rotation":{"x":0.10803244262933731,"y":-0.31121063232421877,"z":0.03562495484948158,"w":0.943516731262207},"size":14.031753540039063,"orthographic":false}